﻿<mockup version="5.3" minAllowVersion="5.3" ID="647A4393-C470-4086-AEA5-0D09EA1008F0" platform="MtWeb" defaultW="1920" defaultH="1080" measureW="1920" measureH="1080" mobileScreenScale="0">
  <controls controlCount="8">
    <control controlID="5A6899B8-CAB7-425E-B389-913343843B9D" controlTypeID="BrowserWindow" x="0" y="0" w="1920" h="1080" zOrder="0">
      <color>4294111986</color>
      <font family="%E5%BE%AE%E8%BD%AF%E9%9B%85%E9%BB%91" displayName="%E5%BE%AE%E8%BD%AF%E9%9B%85%E9%BB%91" postScript="" weightStyle="Regular" weight="400" isBold="False" isItalic="False" useDefaultFontFamily="False"/>
      <text>Mockplus%0D%0Ahttps%3A%2F%2Fwww.mockplus.cn</text>
      <textVAlign>VaTop</textVAlign>
      <lineSpacing>0</lineSpacing>
      <selectedIndex>-1</selectedIndex>
    </control>
    <control controlID="15383CF1-DC02-4C91-9871-EFF1A391BF0F" controlTypeID="Panel" x="428" y="296" w="1064" h="488" zOrder="1">
      <groupChildrenDescriptors>
        <control controlID="4C8F1DF0-00E7-4451-83EE-F244C8AC3099" controlTypeID="LabelTextInput" x="149" y="56" w="718" h="38" zOrder="0">
          <font family="Segoe+UI" displayName="Segoe+UI" postScript="" weightStyle="Regular" weight="400" isBold="False" isItalic="False"/>
          <text>Email%2FUser+name</text>
          <textSize>25</textSize>
          <lineSpacing>0</lineSpacing>
          <useDefaultTextSize>False</useDefaultTextSize>
          <selectedIndex>-1</selectedIndex>
        </control>
        <control controlID="30E44A9D-AE52-445A-9317-A0963359B99F" controlTypeID="LabelTextInput" x="233" y="146" w="634" h="38" zOrder="1">
          <font family="Segoe+UI" displayName="Segoe+UI" postScript="" weightStyle="Regular" weight="400" isBold="False" isItalic="False"/>
          <text>Password</text>
          <textSize>25</textSize>
          <lineSpacing>0</lineSpacing>
          <useDefaultTextSize>False</useDefaultTextSize>
          <selectedIndex>-1</selectedIndex>
        </control>
        <control controlID="FA3CF3A2-6095-4A7C-868B-4AC8A2C5E70F" controlTypeID="Button" x="364" y="288" w="331" h="60" zOrder="2">
          <color>4278229452</color>
          <links eventType="AtClick" animate="AmNone" animateAutoDelay="0" animateDuration="500">
            <link targetPageID="AD6D4E06-9BD0-4C12-A5A3-F7DFFF795625" linkType="ltPageLink" isApplyIncludePage="False" title="%E9%A6%96%E9%A1%B5">
              <area shape="0" alt="" ID="{2DE11939-4EEB-4112-B194-9C45123C5F3C}" coords="(0,0,331,60)"/>
            </link>
          </links>
          <font family="Segoe+UI" displayName="Segoe+UI" postScript="" weightStyle="Regular" weight="400" isBold="False" isItalic="False"/>
          <text>Login</text>
          <textColor>4294967295</textColor>
          <textSize>25</textSize>
          <lineSpacing>0</lineSpacing>
          <useDefaultTextSize>False</useDefaultTextSize>
          <selectedIndex>-1</selectedIndex>
          <radius>4</radius>
        </control>
        <control controlID="F0266EB3-75A7-418B-A489-DA011FE5CB6F" controlTypeID="CheckBox" x="370" y="212" w="325" h="50" zOrder="3">
          <font family="Segoe+UI" displayName="Segoe+UI" postScript="" weightStyle="Regular" weight="400" isBold="False" isItalic="False"/>
          <text>Automatically+login+the+next+time</text>
          <textSize>20</textSize>
          <lineSpacing>0</lineSpacing>
          <useDefaultTextSize>False</useDefaultTextSize>
          <selectedIndex>-1</selectedIndex>
          <size>20</size>
        </control>
        <control controlID="035161E1-8DC7-4814-896C-81A167775B6D" controlTypeID="Button" x="364" y="389" w="331" h="60" zOrder="4">
          <color>4278229452</color>
          <links eventType="AtClick" animate="AmNone" animateAutoDelay="0" animateDuration="500">
            <link targetPageID="E0326A95-1727-43ED-AA6D-0E64157321AA" linkType="ltPageLink" isApplyIncludePage="False" title="Register">
              <area shape="0" alt="" ID="{7833B62C-0983-4CA0-814B-DA0DEF880F2F}" coords="(0,0,331,60)"/>
            </link>
          </links>
          <font family="Segoe+UI" displayName="Segoe+UI" postScript="" weightStyle="Regular" weight="400" isBold="False" isItalic="False"/>
          <text>Register</text>
          <textColor>4294967295</textColor>
          <textSize>25</textSize>
          <lineSpacing>0</lineSpacing>
          <useDefaultTextSize>False</useDefaultTextSize>
          <selectedIndex>-1</selectedIndex>
          <radius>4</radius>
        </control>
        <control controlID="E0814846-C6DA-459C-B58F-570FA352C044" controlTypeID="Border" x="0" y="0" w="1064" h="488" zOrder="5">
          <alias>borderLayer</alias>
        </control>
      </groupChildrenDescriptors>
      <thinkness>1</thinkness>
    </control>
  </controls>
  <param>
    <backgroundColor>4294967295</backgroundColor>
    <fontSize>0</fontSize>
    <fontFamily/>
    <guideLines/>
  </param>
</mockup>