﻿<mockup version="5.3" minAllowVersion="5.3" ID="CB3F9D53-4115-4C62-B434-4E0D0F7D1D7B" platform="MtWeb" defaultW="1920" defaultH="1080" measureW="1920" measureH="1080" mobileScreenScale="0">
  <controls controlCount="9">
    <control controlID="5DF1C970-5DA7-490B-9E15-A232115A2A82" controlTypeID="BrowserWindow" x="0" y="0" w="1920" h="1080" zOrder="0">
      <color>4294111986</color>
      <font family="%E5%BE%AE%E8%BD%AF%E9%9B%85%E9%BB%91" displayName="%E5%BE%AE%E8%BD%AF%E9%9B%85%E9%BB%91" postScript="" weightStyle="Regular" weight="400" isBold="False" isItalic="False" useDefaultFontFamily="False"/>
      <text>Mockplus%0D%0Ahttps%3A%2F%2Fwww.mockplus.cn</text>
      <textVAlign>VaTop</textVAlign>
      <lineSpacing>0</lineSpacing>
      <useDefaultTextSize>False</useDefaultTextSize>
      <selectedIndex>-1</selectedIndex>
    </control>
    <control controlID="A738AF45-72BF-4496-A89A-F738DE003391" controlTypeID="Panel" x="428" y="296" w="1064" h="488" zOrder="1">
      <groupChildrenDescriptors>
        <control controlID="944B4AD8-4B27-4B76-8A53-FA1549572674" controlTypeID="LabelTextInput" x="276" y="59" w="591" h="38" zOrder="0">
          <font family="Segoe+UI" displayName="Segoe+UI" postScript="" weightStyle="Regular" weight="400" isBold="False" isItalic="False"/>
          <text>Email</text>
          <textSize>25</textSize>
          <lineSpacing>0</lineSpacing>
          <useDefaultTextSize>False</useDefaultTextSize>
          <selectedIndex>-1</selectedIndex>
        </control>
        <control controlID="A0F7A323-EB66-4CDC-99CE-899AA6123FE8" controlTypeID="LabelTextInput" x="220" y="114" w="647" h="38" zOrder="1">
          <font family="Segoe+UI" displayName="Segoe+UI" postScript="" weightStyle="Regular" weight="400" isBold="False" isItalic="False"/>
          <text>User+name</text>
          <textSize>25</textSize>
          <lineSpacing>0</lineSpacing>
          <useDefaultTextSize>False</useDefaultTextSize>
          <selectedIndex>-1</selectedIndex>
        </control>
        <control controlID="725D3F51-19DF-4767-8F3D-B84EC3DB5CC2" controlTypeID="LabelTextInput" x="233" y="162" w="634" h="38" zOrder="2">
          <font family="Segoe+UI" displayName="Segoe+UI" postScript="" weightStyle="Regular" weight="400" isBold="False" isItalic="False"/>
          <text>Password</text>
          <textSize>25</textSize>
          <lineSpacing>0</lineSpacing>
          <useDefaultTextSize>False</useDefaultTextSize>
          <selectedIndex>-1</selectedIndex>
        </control>
        <control controlID="4C2595A3-9A62-4CBD-BD88-0F53DE1DEA76" controlTypeID="LabelTextInput" x="91" y="221" w="776" h="38" zOrder="3">
          <font family="Segoe+UI" displayName="Segoe+UI" postScript="" weightStyle="Regular" weight="400" isBold="False" isItalic="False"/>
          <text>Confirm+the+password</text>
          <textSize>25</textSize>
          <lineSpacing>0</lineSpacing>
          <useDefaultTextSize>False</useDefaultTextSize>
          <selectedIndex>-1</selectedIndex>
        </control>
        <control controlID="FC70CFFA-06E5-40FB-BBAA-196720B38269" controlTypeID="Button" x="364" y="288" w="331" h="60" zOrder="4">
          <color>4278229452</color>
          <links eventType="AtClick" animate="AmNone" animateAutoDelay="0" animateDuration="500">
            <link targetPageID="2507EEEB-FD8E-4378-AD31-EE614F758A79" linkType="ltPageLink" isApplyIncludePage="False" title="Login">
              <area shape="0" alt="" ID="{438E7C8D-CDA3-437C-9A2A-1CE5BFA6C004}" coords="(0,0,331,60)"/>
            </link>
          </links>
          <font family="Segoe+UI" displayName="Segoe+UI" postScript="" weightStyle="Regular" weight="400" isBold="False" isItalic="False"/>
          <text>Register</text>
          <textColor>4294967295</textColor>
          <textSize>25</textSize>
          <lineSpacing>0</lineSpacing>
          <useDefaultTextSize>False</useDefaultTextSize>
          <selectedIndex>-1</selectedIndex>
          <radius>4</radius>
        </control>
        <control controlID="5DE8C9A8-806C-4032-A57E-A80FFA2421FA" controlTypeID="Button" x="364" y="389" w="331" h="60" zOrder="5">
          <color>4278229452</color>
          <links eventType="AtClick" animate="AmNone" animateAutoDelay="0" animateDuration="500">
            <link targetPageID="2507EEEB-FD8E-4378-AD31-EE614F758A79" linkType="ltPageLink" isApplyIncludePage="False" title="Login">
              <area shape="0" alt="" ID="{C16F46F0-6500-4058-9304-6305E4DBF647}" coords="(0,0,331,60)"/>
            </link>
          </links>
          <font family="Segoe+UI" displayName="Segoe+UI" postScript="" weightStyle="Regular" weight="400" isBold="False" isItalic="False"/>
          <text>I+have+an+account%2C+login</text>
          <textColor>4294967295</textColor>
          <textSize>25</textSize>
          <lineSpacing>0</lineSpacing>
          <useDefaultTextSize>False</useDefaultTextSize>
          <selectedIndex>-1</selectedIndex>
          <radius>4</radius>
        </control>
        <control controlID="6D61228A-E43F-47C8-B142-C01488D2DA66" controlTypeID="Border" x="0" y="0" w="1064" h="488" zOrder="6">
          <alias>borderLayer</alias>
        </control>
      </groupChildrenDescriptors>
      <thinkness>1</thinkness>
    </control>
  </controls>
  <param>
    <backgroundColor>4294967295</backgroundColor>
    <fontSize>0</fontSize>
    <fontFamily/>
    <guideLines/>
  </param>
</mockup>