﻿<LinkSources version="1.02">
  <page ID="E0326A95-1727-43ED-AA6D-0E64157321AA">
    <linkSource sourcePageID="2507EEEB-FD8E-4378-AD31-EE614F758A79" comID="035161E1-8DC7-4814-896C-81A167775B6D" comLinkType="cltPageLink"/>
  </page>
  <page ID="2507EEEB-FD8E-4378-AD31-EE614F758A79">
    <linkSource sourcePageID="E0326A95-1727-43ED-AA6D-0E64157321AA" comID="5DE8C9A8-806C-4032-A57E-A80FFA2421FA" comLinkType="cltPageLink"/>
    <linkSource sourcePageID="E0326A95-1727-43ED-AA6D-0E64157321AA" comID="FC70CFFA-06E5-40FB-BBAA-196720B38269" comLinkType="cltPageLink"/>
  </page>
  <page ID="AD6D4E06-9BD0-4C12-A5A3-F7DFFF795625">
    <linkSource sourcePageID="2507EEEB-FD8E-4378-AD31-EE614F758A79" comID="FA3CF3A2-6095-4A7C-868B-4AC8A2C5E70F" comLinkType="cltPageLink"/>
  </page>
</LinkSources>