﻿<mockup version="5.3" minAllowVersion="5.3" ID="E045EAFD-8A0E-46C4-B579-DF3081B19E9A" platform="MtMobile" defaultW="360" defaultH="640" measureW="360" measureH="640" screenOrientation="MoPortrait" mobileScreenScale="1.77777779102325">
  <controls controlCount="5">
    <control controlID="F062BF01-34AA-4320-88B1-B90AF3738E83" controlTypeID="VerticalScrollbar" x="346" y="70" w="14" h="469" zOrder="0"/>
    <control controlID="898E8991-12DD-4FA2-A6D7-2419B652F2E9" controlTypeID="Label" x="31" y="20" w="260" h="43" zOrder="1">
      <font family="Segoe+UI" displayName="Segoe+UI" postScript="" weightStyle="Regular" weight="400" isBold="False" isItalic="False"/>
      <text>Question+2(Single)</text>
      <textSize>32</textSize>
      <lineSpacing>0</lineSpacing>
      <useDefaultTextSize>False</useDefaultTextSize>
      <selectedIndex>-1</selectedIndex>
    </control>
    <control controlID="C632E317-1088-4070-8AE3-AE6180F64E87" controlTypeID="Button" x="31" y="551" w="300" h="48" zOrder="2">
      <color>4278229248</color>
      <borderVisible>False</borderVisible>
      <links eventType="AtClick" animate="AmNone" animateAutoDelay="0" animateDuration="500">
        <link targetPageID="5D64CE27-4131-4544-9ABB-AEFE95206ED1" linkType="ltPageLink" isApplyIncludePage="False" title="QuestionMult">
          <area shape="0" alt="" ID="{4C93206F-F8F3-4929-A4C0-D62B981F534C}" coords="(0,0,300,48)"/>
        </link>
      </links>
      <font family="%E5%BE%AE%E8%BD%AF%E9%9B%85%E9%BB%91" displayName="%E5%BE%AE%E8%BD%AF%E9%9B%85%E9%BB%91" postScript="" weightStyle="Regular" weight="400" isBold="False" isItalic="False" useDefaultFontFamily="False"/>
      <text>NEXT</text>
      <textColor>4294967295</textColor>
      <textSize>12</textSize>
      <lineSpacing>0</lineSpacing>
      <selectedIndex>-1</selectedIndex>
    </control>
    <control controlID="9C4A5722-17CC-4633-9E2F-A9B29834C972" controlTypeID="Label" x="40" y="91" w="252" h="32" zOrder="3">
      <font family="Segoe+UI" displayName="Segoe+UI" postScript="" weightStyle="Regular" weight="400" isBold="False" isItalic="False"/>
      <text>dwqodwcnqodxwjopq+%3F</text>
      <textSize>24</textSize>
      <lineSpacing>0</lineSpacing>
      <useDefaultTextSize>False</useDefaultTextSize>
      <selectedIndex>-1</selectedIndex>
    </control>
    <control controlID="B8E7BE95-70CB-47CA-BABD-6D03A5F1B86D" controlTypeID="LabelTextInput" x="40" y="162" w="280" h="39" zOrder="4">
      <font family="%E5%BE%AE%E8%BD%AF%E9%9B%85%E9%BB%91" displayName="%E5%BE%AE%E8%BD%AF%E9%9B%85%E9%BB%91" postScript="" weightStyle="Regular" weight="400" isBold="False" isItalic="False" useDefaultFontFamily="False"/>
      <lineSpacing>0</lineSpacing>
      <selectedIndex>-1</selectedIndex>
      <textDirection>tdRight</textDirection>
    </control>
  </controls>
  <param>
    <backgroundColor>4294967295</backgroundColor>
    <fontSize>0</fontSize>
    <fontFamily/>
    <guideLines/>
  </param>
</mockup>