﻿<mockup version="5.3" minAllowVersion="5.3" ID="E045EAFD-8A0E-46C4-B579-DF3081B19E9A" platform="MtMobile" defaultW="360" defaultH="640" measureW="360" measureH="640" screenOrientation="MoPortrait" mobileScreenScale="1.77777779102325">
  <controls controlCount="5">
    <control controlID="F062BF01-34AA-4320-88B1-B90AF3738E83" controlTypeID="VerticalScrollbar" x="346" y="70" w="14" h="469" zOrder="0"/>
    <control controlID="898E8991-12DD-4FA2-A6D7-2419B652F2E9" controlTypeID="Label" x="31" y="20" w="259" h="43" zOrder="1">
      <font family="Segoe+UI" displayName="Segoe+UI" postScript="" weightStyle="Regular" weight="400" isBold="False" isItalic="False"/>
      <text>Question+3(Check)</text>
      <textSize>32</textSize>
      <lineSpacing>0</lineSpacing>
      <useDefaultTextSize>False</useDefaultTextSize>
      <selectedIndex>-1</selectedIndex>
    </control>
    <control controlID="C632E317-1088-4070-8AE3-AE6180F64E87" controlTypeID="Button" x="31" y="551" w="300" h="48" zOrder="2">
      <color>4278229248</color>
      <borderVisible>False</borderVisible>
      <links eventType="AtClick" animate="AmNone" animateAutoDelay="0" animateDuration="500">
        <link targetPageID="75E70D54-4A82-4A69-AB7B-6FD73ED0E94D" linkType="ltPageLink" isApplyIncludePage="False" title="QuestionReview">
          <area shape="0" alt="" ID="{B98E4501-8556-4859-9AB2-2BABB3F7B880}" coords="(0,0,300,48)"/>
        </link>
      </links>
      <font family="%E5%BE%AE%E8%BD%AF%E9%9B%85%E9%BB%91" displayName="%E5%BE%AE%E8%BD%AF%E9%9B%85%E9%BB%91" postScript="" weightStyle="Regular" weight="400" isBold="False" isItalic="False" useDefaultFontFamily="False"/>
      <text>NEXT</text>
      <textColor>4294967295</textColor>
      <textSize>12</textSize>
      <lineSpacing>0</lineSpacing>
      <selectedIndex>-1</selectedIndex>
    </control>
    <control controlID="9C4A5722-17CC-4633-9E2F-A9B29834C972" controlTypeID="Label" x="55" y="87" w="252" h="32" zOrder="3">
      <font family="Segoe+UI" displayName="Segoe+UI" postScript="" weightStyle="Regular" weight="400" isBold="False" isItalic="False"/>
      <text>dwqodwcnqodxwjopq+%3F</text>
      <textSize>24</textSize>
      <lineSpacing>0</lineSpacing>
      <useDefaultTextSize>False</useDefaultTextSize>
      <selectedIndex>-1</selectedIndex>
    </control>
    <control controlID="85A02942-14C9-4D95-868F-7C87200D5E92" controlTypeID="CheckBoxGroup" x="55" y="146" w="150" h="128" zOrder="4">
      <font family="Segoe+UI" displayName="Segoe+UI" postScript="" weightStyle="Regular" weight="400" isBold="False" isItalic="False"/>
      <text>%5B%5D%E5%A4%8D%E9%80%89%E6%A1%86%E4%B8%80%0D%0A%5Bx%5D%E5%A4%8D%E9%80%89%E6%A1%86%E4%BA%8C%0D%0A-%5B%5D%E5%A4%8D%E9%80%89%E6%A1%86%E4%B8%89-</text>
      <lineSpacing>0</lineSpacing>
      <size>15</size>
      <itemHeight>36</itemHeight>
      <itemRect>[{"left":0,"top":0,"right":150,"bottom":36},{"left":0,"top":46,"right":150,"bottom":82},{"left":0,"top":92,"right":150,"bottom":128}]</itemRect>
    </control>
  </controls>
  <param>
    <backgroundColor>4294967295</backgroundColor>
    <fontSize>0</fontSize>
    <fontFamily/>
    <guideLines/>
  </param>
</mockup>