﻿<mockup version="5.3" minAllowVersion="5.3" ID="5FE4F58F-D4EF-4639-BD87-5E46769B4394" platform="MtMobile" defaultW="360" defaultH="640" measureW="360" measureH="640" screenOrientation="MoPortrait" mobileScreenScale="1.77777779102325">
  <controls controlCount="11">
    <control controlID="898E8991-12DD-4FA2-A6D7-2419B652F2E9" controlTypeID="Label" x="31" y="20" w="155" h="43" zOrder="0">
      <font family="Segoe+UI" displayName="Segoe+UI" postScript="" weightStyle="Regular" weight="400" isBold="False" isItalic="False"/>
      <text>Thank+you!</text>
      <textSize>32</textSize>
      <lineSpacing>0</lineSpacing>
      <useDefaultTextSize>False</useDefaultTextSize>
      <selectedIndex>-1</selectedIndex>
    </control>
    <control controlID="79DF4BDA-8237-456B-B1B9-86D109E358A3" controlTypeID="Button" x="31" y="551" w="300" h="48" zOrder="1">
      <color>4278229248</color>
      <borderVisible>False</borderVisible>
      <font family="%E5%BE%AE%E8%BD%AF%E9%9B%85%E9%BB%91" displayName="%E5%BE%AE%E8%BD%AF%E9%9B%85%E9%BB%91" postScript="" weightStyle="Regular" weight="400" isBold="False" isItalic="False" useDefaultFontFamily="False"/>
      <text>QUIT</text>
      <textColor>4294967295</textColor>
      <textSize>12</textSize>
      <lineSpacing>0</lineSpacing>
      <selectedIndex>-1</selectedIndex>
    </control>
    <control controlID="26A061A2-1A2A-463B-9E71-CDE90ECFBB0F" controlTypeID="Circle" x="49" y="158" w="48" h="48" zOrder="2">
      <borderColor>4278229248</borderColor>
      <font family="Segoe+UI" displayName="Segoe+UI" postScript="" weightStyle="Regular" weight="400" isBold="False" isItalic="False"/>
      <textSize>14</textSize>
      <selectedIndex>-1</selectedIndex>
      <shapeBorderType>SbEllipse</shapeBorderType>
    </control>
    <control controlID="4CE9B9B2-5613-4F38-8E78-1A4D9CF4604F" controlTypeID="Circle" x="157" y="158" w="48" h="48" zOrder="3">
      <borderColor>4278229248</borderColor>
      <font family="Segoe+UI" displayName="Segoe+UI" postScript="" weightStyle="Regular" weight="400" isBold="False" isItalic="False"/>
      <textSize>14</textSize>
      <selectedIndex>-1</selectedIndex>
      <shapeBorderType>SbEllipse</shapeBorderType>
    </control>
    <control controlID="C3EDA2B1-1506-4081-9719-554FF15DEA12" controlTypeID="Circle" x="265" y="158" w="48" h="48" zOrder="4">
      <borderColor>4278229248</borderColor>
      <font family="Segoe+UI" displayName="Segoe+UI" postScript="" weightStyle="Regular" weight="400" isBold="False" isItalic="False"/>
      <textSize>14</textSize>
      <selectedIndex>-1</selectedIndex>
      <shapeBorderType>SbEllipse</shapeBorderType>
    </control>
    <control controlID="6E8DACDF-22F8-4A18-AEB5-420DDFAAA775" controlTypeID="Circle" x="49" y="268" w="48" h="48" zOrder="5">
      <borderColor>4278229248</borderColor>
      <font family="Segoe+UI" displayName="Segoe+UI" postScript="" weightStyle="Regular" weight="400" isBold="False" isItalic="False"/>
      <textSize>14</textSize>
      <selectedIndex>-1</selectedIndex>
      <shapeBorderType>SbEllipse</shapeBorderType>
    </control>
    <control controlID="94EA1449-F7C5-46DC-BFD8-05C86FE40054" controlTypeID="Circle" x="157" y="268" w="48" h="48" zOrder="6">
      <borderColor>4278229248</borderColor>
      <font family="Segoe+UI" displayName="Segoe+UI" postScript="" weightStyle="Regular" weight="400" isBold="False" isItalic="False"/>
      <textSize>14</textSize>
      <selectedIndex>-1</selectedIndex>
      <shapeBorderType>SbEllipse</shapeBorderType>
    </control>
    <control controlID="8FC2DEA6-9F25-4DFE-BDDD-8AFBE91B0C39" controlTypeID="Circle" x="265" y="268" w="48" h="48" zOrder="7">
      <borderColor>4278229248</borderColor>
      <font family="Segoe+UI" displayName="Segoe+UI" postScript="" weightStyle="Regular" weight="400" isBold="False" isItalic="False"/>
      <textSize>14</textSize>
      <selectedIndex>-1</selectedIndex>
      <shapeBorderType>SbEllipse</shapeBorderType>
    </control>
    <control controlID="803E931A-D314-417B-9380-0FA5DE0D1998" controlTypeID="Circle" x="49" y="381" w="48" h="48" zOrder="8">
      <borderColor>4278229248</borderColor>
      <font family="Segoe+UI" displayName="Segoe+UI" postScript="" weightStyle="Regular" weight="400" isBold="False" isItalic="False"/>
      <textSize>14</textSize>
      <selectedIndex>-1</selectedIndex>
      <shapeBorderType>SbEllipse</shapeBorderType>
    </control>
    <control controlID="B3DA3FCA-8A1C-4A71-9E16-455FCFB30715" controlTypeID="Circle" x="157" y="381" w="48" h="48" zOrder="9">
      <borderColor>4278229248</borderColor>
      <font family="Segoe+UI" displayName="Segoe+UI" postScript="" weightStyle="Regular" weight="400" isBold="False" isItalic="False"/>
      <textSize>14</textSize>
      <selectedIndex>-1</selectedIndex>
      <shapeBorderType>SbEllipse</shapeBorderType>
    </control>
    <control controlID="04681F82-E7D1-41D5-8286-3EDD75138102" controlTypeID="Circle" x="265" y="381" w="48" h="48" zOrder="10">
      <borderColor>4278229248</borderColor>
      <font family="Segoe+UI" displayName="Segoe+UI" postScript="" weightStyle="Regular" weight="400" isBold="False" isItalic="False"/>
      <textSize>14</textSize>
      <selectedIndex>-1</selectedIndex>
      <shapeBorderType>SbEllipse</shapeBorderType>
    </control>
  </controls>
  <param>
    <backgroundColor>4294967295</backgroundColor>
    <fontSize>0</fontSize>
    <fontFamily/>
    <guideLines/>
  </param>
</mockup>