﻿<mockup version="5.3" minAllowVersion="5.3" ID="706290A7-58C1-497D-86CC-32D98525B8C5" platform="MtMobile" defaultW="360" defaultH="640" measureW="360" measureH="640" screenOrientation="MoPortrait" mobileScreenScale="1.77777779102325">
  <controls controlCount="5">
    <control controlID="F062BF01-34AA-4320-88B1-B90AF3738E83" controlTypeID="VerticalScrollbar" x="346" y="70" w="14" h="469" zOrder="0"/>
    <control controlID="898E8991-12DD-4FA2-A6D7-2419B652F2E9" controlTypeID="Label" x="31" y="20" w="252" h="43" zOrder="1">
      <font family="Segoe+UI" displayName="Segoe+UI" postScript="" weightStyle="Regular" weight="400" isBold="False" isItalic="False"/>
      <text>Intro+%26+statement</text>
      <textSize>32</textSize>
      <lineSpacing>0</lineSpacing>
      <useDefaultTextSize>False</useDefaultTextSize>
      <selectedIndex>-1</selectedIndex>
    </control>
    <control controlID="C632E317-1088-4070-8AE3-AE6180F64E87" controlTypeID="Button" x="31" y="551" w="300" h="48" zOrder="2">
      <isShow>False</isShow>
      <color>4278229248</color>
      <borderVisible>False</borderVisible>
      <links eventType="AtClick" animate="AmNone" animateAutoDelay="0" animateDuration="500">
        <link targetPageID="E045EAFD-8A0E-46C4-B579-DF3081B19E9A" linkType="ltPageLink" isApplyIncludePage="False" title="QuestionSingle">
          <area shape="0" alt="" ID="{BED604F1-4AB7-48AC-BB9A-08150D64FA78}" coords="(0,0,300,48)"/>
        </link>
      </links>
      <font family="%E5%BE%AE%E8%BD%AF%E9%9B%85%E9%BB%91" displayName="%E5%BE%AE%E8%BD%AF%E9%9B%85%E9%BB%91" postScript="" weightStyle="Regular" weight="400" isBold="False" isItalic="False" useDefaultFontFamily="False"/>
      <text>NEXT</text>
      <textColor>4294967295</textColor>
      <textSize>12</textSize>
      <lineSpacing>0</lineSpacing>
      <selectedIndex>-1</selectedIndex>
    </control>
    <control controlID="9C4A5722-17CC-4633-9E2F-A9B29834C972" controlTypeID="Label" x="55" y="87" w="235" h="32" zOrder="3">
      <font family="Segoe+UI" displayName="Segoe+UI" postScript="" weightStyle="Regular" weight="400" isBold="False" isItalic="False"/>
      <text>dwqodwcnqodxwjopq</text>
      <textSize>24</textSize>
      <lineSpacing>0</lineSpacing>
      <useDefaultTextSize>False</useDefaultTextSize>
      <selectedIndex>-1</selectedIndex>
    </control>
    <control controlID="09C57202-9111-4FA4-A0C7-55B38265E26F" controlTypeID="CheckBoxGroup" x="39" y="505" w="150" h="36" zOrder="4">
      <interactiveData>
        <entry title="%5B%5D+I+accept">
          <area shape="0" alt="" ID="{CAF5BFDC-1E6C-41EC-88B0-8322B9E01AD7}" coords="(0,0,150,36)"/>
          <events title="">
            <event eventType="atCheckedChangeTrue" isChecked="True">
              <behaviour title="" isChecked="True" isWait="False" isLoop="False" execMode="emParallel">
                <target targetID="C632E317-1088-4070-8AE3-AE6180F64E87" isChecked="True" isAutoRecovery="False" isLoop="False" execMode="emSequence">
                  <command name="Change Visibility" isChecked="True" descrition="">
                    <param name="AniInterpolation" value="1" varType="3" description=""/>
                    <param name="AniDuration" value="200" varType="3" description=""/>
                    <param name="AniAutoReverse" value="False" varType="11" description=""/>
                    <param name="AniLoop" value="False" varType="11" description=""/>
                    <param name="AniInterpolationTypeOut" value="False" varType="11" description=""/>
                    <param name="Delay" value="0" varType="3" description=""/>
                    <param name="ValueFromCurrent" value="True" varType="11" description=""/>
                    <param name="ForceFromInitValue" value="False" varType="11" description=""/>
                    <param name="ForceSetVisible" value="False" varType="11" description=""/>
                    <param name="Value" value="2" varType="3" description=""/>
                    <param name="TerminateLoopByClick" value="True" varType="11" description=""/>
                  </command>
                </target>
              </behaviour>
            </event>
          </events>
        </entry>
      </interactiveData>
      <font family="Segoe+UI" displayName="Segoe+UI" postScript="" weightStyle="Regular" weight="400" isBold="False" isItalic="False"/>
      <text>%5B%5D+I+accept</text>
      <lineSpacing>0</lineSpacing>
      <size>15</size>
      <itemHeight>36</itemHeight>
      <itemRect>[{"left":0,"top":0,"right":150,"bottom":36}]</itemRect>
    </control>
  </controls>
  <param>
    <backgroundColor>4294967295</backgroundColor>
    <fontSize>0</fontSize>
    <fontFamily/>
    <guideLines/>
  </param>
</mockup>