﻿<mockup version="5.3" minAllowVersion="5.3" ID="37A0F358-D8B5-40D1-9C01-40375CD9FF4A" platform="MtMobile" defaultW="360" defaultH="640" measureW="360" measureH="640" screenOrientation="MoPortrait" mobileScreenScale="1.77777779102325">
  <controls controlCount="19">
    <control controlID="155BC121-6B30-42A0-A02F-02D73D2614AB" controlTypeID="Line" x="-4" y="276" w="363" h="2" zOrder="0">
      <font family="Segoe+UI" displayName="Segoe+UI" postScript="" weightStyle="Regular" weight="400" isBold="False" isItalic="False"/>
      <textSize>14</textSize>
      <lineSpacing>0</lineSpacing>
      <selectedIndex>-1</selectedIndex>
      <controlPoint>(182,1)</controlPoint>
      <startPoint>(1,1)</startPoint>
      <endPoint>(363,1)</endPoint>
    </control>
    <control controlID="2792AF38-977B-4E89-AF28-CFA5F7C29AA6" controlTypeID="Line" x="-4" y="380" w="363" h="2" zOrder="1">
      <font family="Segoe+UI" displayName="Segoe+UI" postScript="" weightStyle="Regular" weight="400" isBold="False" isItalic="False"/>
      <textSize>14</textSize>
      <lineSpacing>0</lineSpacing>
      <selectedIndex>-1</selectedIndex>
      <controlPoint>(182,1)</controlPoint>
      <startPoint>(1,1)</startPoint>
      <endPoint>(363,1)</endPoint>
    </control>
    <control controlID="C1217342-DF65-49AC-B61F-9291F6E798F7" controlTypeID="Line" x="116" y="70" w="2" h="467" zOrder="2">
      <font family="Segoe+UI" displayName="Segoe+UI" postScript="" weightStyle="Regular" weight="400" isBold="False" isItalic="False"/>
      <textSize>14</textSize>
      <lineSpacing>0</lineSpacing>
      <selectedIndex>-1</selectedIndex>
      <controlPoint>(1,234)</controlPoint>
      <startPoint>(1,0)</startPoint>
      <endPoint>(1,467)</endPoint>
    </control>
    <control controlID="4D0C169B-9F86-4A09-A228-776B00B961D0" controlTypeID="Line" x="240" y="67" w="2" h="467" zOrder="3">
      <font family="Segoe+UI" displayName="Segoe+UI" postScript="" weightStyle="Regular" weight="400" isBold="False" isItalic="False"/>
      <textSize>14</textSize>
      <lineSpacing>0</lineSpacing>
      <selectedIndex>-1</selectedIndex>
      <controlPoint>(1,234)</controlPoint>
      <startPoint>(1,1)</startPoint>
      <endPoint>(1,467)</endPoint>
    </control>
    <control controlID="D6AC57CC-6602-4381-A572-E96FDAE49311" controlTypeID="Line" x="-2" y="170" w="363" h="2" zOrder="4">
      <font family="Segoe+UI" displayName="Segoe+UI" postScript="" weightStyle="Regular" weight="400" isBold="False" isItalic="False"/>
      <textSize>14</textSize>
      <lineSpacing>0</lineSpacing>
      <selectedIndex>-1</selectedIndex>
      <controlPoint>(182,1)</controlPoint>
      <startPoint>(1,1)</startPoint>
      <endPoint>(363,1)</endPoint>
    </control>
    <control controlID="553D2209-2D06-4CD7-9574-ACCAE0894876" controlTypeID="Shape" x="0" y="0" w="360" h="68" zOrder="5">
      <color>4278229248</color>
      <font family="%E5%BE%AE%E8%BD%AF%E9%9B%85%E9%BB%91" displayName="%E5%BE%AE%E8%BD%AF%E9%9B%85%E9%BB%91" postScript="" weightStyle="Regular" weight="400" isBold="False" isItalic="False" useDefaultFontFamily="False"/>
      <selectedIndex>-1</selectedIndex>
      <radius>8</radius>
    </control>
    <control controlID="E817C8C2-D557-4930-838F-63373B443C20" controlTypeID="Label" x="41" y="108" w="38" h="19" zOrder="6">
      <font family="Segoe+UI" displayName="Segoe+UI" postScript="" weightStyle="Regular" weight="400" isBold="False" isItalic="False"/>
      <text>image</text>
      <lineSpacing>0</lineSpacing>
      <selectedIndex>-1</selectedIndex>
    </control>
    <control controlID="A35AF02A-BB25-4742-952A-38BBD6B029B9" controlTypeID="Label" x="40" y="214" w="38" h="19" zOrder="7">
      <font family="Segoe+UI" displayName="Segoe+UI" postScript="" weightStyle="Regular" weight="400" isBold="False" isItalic="False"/>
      <text>image</text>
      <lineSpacing>0</lineSpacing>
      <selectedIndex>-1</selectedIndex>
    </control>
    <control controlID="BE5A7067-0F65-4ECE-9A4F-966A17860EA8" controlTypeID="Label" x="41" y="328" w="38" h="19" zOrder="8">
      <font family="Segoe+UI" displayName="Segoe+UI" postScript="" weightStyle="Regular" weight="400" isBold="False" isItalic="False"/>
      <text>image</text>
      <lineSpacing>0</lineSpacing>
      <selectedIndex>-1</selectedIndex>
    </control>
    <control controlID="7E9D91E4-951B-4A3F-A748-519E2FC3F0C9" controlTypeID="Label" x="159" y="327" w="38" h="19" zOrder="9">
      <font family="Segoe+UI" displayName="Segoe+UI" postScript="" weightStyle="Regular" weight="400" isBold="False" isItalic="False"/>
      <text>image</text>
      <lineSpacing>0</lineSpacing>
      <selectedIndex>-1</selectedIndex>
    </control>
    <control controlID="039A24E5-591A-459C-BA45-5C07DFBFFEF4" controlTypeID="Label" x="284" y="328" w="38" h="19" zOrder="10">
      <font family="Segoe+UI" displayName="Segoe+UI" postScript="" weightStyle="Regular" weight="400" isBold="False" isItalic="False"/>
      <text>image</text>
      <lineSpacing>0</lineSpacing>
      <selectedIndex>-1</selectedIndex>
    </control>
    <control controlID="802F6C9C-82EA-4500-8DE1-23A82C971A2B" controlTypeID="Label" x="159" y="216" w="38" h="19" zOrder="11">
      <font family="Segoe+UI" displayName="Segoe+UI" postScript="" weightStyle="Regular" weight="400" isBold="False" isItalic="False"/>
      <text>image</text>
      <lineSpacing>0</lineSpacing>
      <selectedIndex>-1</selectedIndex>
    </control>
    <control controlID="73FFFC22-C4AC-4653-874B-B1DE0918314A" controlTypeID="Label" x="284" y="216" w="38" h="19" zOrder="12">
      <font family="Segoe+UI" displayName="Segoe+UI" postScript="" weightStyle="Regular" weight="400" isBold="False" isItalic="False"/>
      <text>image</text>
      <lineSpacing>0</lineSpacing>
      <selectedIndex>-1</selectedIndex>
    </control>
    <control controlID="AA290EA2-BF4A-4B36-ACBA-4E2D29408E2F" controlTypeID="Label" x="284" y="103" w="38" h="19" zOrder="13">
      <font family="Segoe+UI" displayName="Segoe+UI" postScript="" weightStyle="Regular" weight="400" isBold="False" isItalic="False"/>
      <text>image</text>
      <lineSpacing>0</lineSpacing>
      <selectedIndex>-1</selectedIndex>
    </control>
    <control controlID="353992DF-5435-4AE0-8C24-B236499E9533" controlTypeID="CompositeComboBox" x="85" y="14" w="200" h="39" zOrder="14">
      <borderVisible>False</borderVisible>
      <groupChildrenDescriptors>
        <control controlID="0C0F0C0B-F1D3-4934-B536-5EFBA6462C18" controlTypeID="TextInput" x="0" y="0" w="177" h="39" zOrder="0">
          <locked>True</locked>
          <borderVisible>False</borderVisible>
          <canMove>False</canMove>
          <alias>input</alias>
          <font family="%E5%BE%AE%E8%BD%AF%E9%9B%85%E9%BB%91" displayName="%E5%BE%AE%E8%BD%AF%E9%9B%85%E9%BB%91" postScript="" weightStyle="Regular" weight="400" isBold="False" isItalic="False" useDefaultFontFamily="False"/>
          <text>Recent+images</text>
          <textSize>12</textSize>
          <lineSpacing>0</lineSpacing>
          <selectedIndex>-1</selectedIndex>
        </control>
        <control controlID="1F32F6A7-EA3A-4046-B5B5-FFA9165BCC88" controlTypeID="Button" x="176" y="0" w="24" h="39" zOrder="1">
          <locked>True</locked>
          <borderVisible>False</borderVisible>
          <canMove>False</canMove>
          <alias>button</alias>
          <font family="Segoe+UI" displayName="Segoe+UI" postScript="" weightStyle="Regular" weight="400" isBold="False" isItalic="False"/>
          <lineSpacing>0</lineSpacing>
          <selectedIndex>-1</selectedIndex>
          <radius>0</radius>
        </control>
        <control controlID="C50A2412-430B-466C-8DCD-25241D8EC184" controlTypeID="List" x="0" y="39" w="200" h="119" zOrder="2">
          <isShow>False</isShow>
          <borderVisible>False</borderVisible>
          <canMove>False</canMove>
          <alias>dropDown</alias>
          <font family="%E5%BE%AE%E8%BD%AF%E9%9B%85%E9%BB%91" displayName="%E5%BE%AE%E8%BD%AF%E9%9B%85%E9%BB%91" postScript="" weightStyle="Regular" weight="400" isBold="False" isItalic="False" useDefaultFontFamily="False"/>
          <text>Recent+images%0D%0AQQ%0D%0AWechat</text>
          <lineSpacing>0</lineSpacing>
          <itemHeight>39</itemHeight>
          <interlaceColor>4294967295</interlaceColor>
        </control>
      </groupChildrenDescriptors>
      <font family="%E5%BE%AE%E8%BD%AF%E9%9B%85%E9%BB%91"/>
    </control>
    <control controlID="78834AA0-B6CF-4402-A8D8-D8B4956A1B07" controlTypeID="Button" x="31" y="551" w="300" h="48" zOrder="15">
      <color>4278229248</color>
      <borderVisible>False</borderVisible>
      <links eventType="AtClick" animate="AmNone" animateAutoDelay="0" animateDuration="500">
        <link targetPageID="9D625D8A-DCFC-48BA-BF26-EDB0FB3F6865" linkType="ltPageLink" isApplyIncludePage="False" title="Index">
          <area shape="0" alt="" ID="{EF816BD4-C8C2-49FF-A566-9DF96D6EA7CB}" coords="(0,0,300,48)"/>
        </link>
      </links>
      <font family="%E5%BE%AE%E8%BD%AF%E9%9B%85%E9%BB%91" displayName="%E5%BE%AE%E8%BD%AF%E9%9B%85%E9%BB%91" postScript="" weightStyle="Regular" weight="400" isBold="False" isItalic="False" useDefaultFontFamily="False"/>
      <text>BACK</text>
      <textColor>4294967295</textColor>
      <textSize>12</textSize>
      <lineSpacing>0</lineSpacing>
      <selectedIndex>-1</selectedIndex>
    </control>
  </controls>
  <param>
    <backgroundColor>4294967295</backgroundColor>
    <fontSize>0</fontSize>
    <fontFamily/>
    <guideLines/>
  </param>
</mockup>