﻿<mockup version="5.3" minAllowVersion="5.3" ID="75E70D54-4A82-4A69-AB7B-6FD73ED0E94D" platform="MtMobile" defaultW="360" defaultH="640" measureW="360" measureH="640" screenOrientation="MoPortrait" mobileScreenScale="1.77777779102325" clipArea="(0,0,0,0)">
  <controls controlCount="14">
    <control controlID="1DC9A5F4-5A8A-4BD8-B71C-0BB9A662097D" controlTypeID="Label" x="10" y="5" w="140" h="54" zOrder="0">
      <font family="Segoe+UI" displayName="Segoe+UI" postScript="" weightStyle="Regular" weight="400" isBold="False" isItalic="False"/>
      <text>SURVEY</text>
      <textSize>40</textSize>
      <lineSpacing>0</lineSpacing>
      <useDefaultTextSize>False</useDefaultTextSize>
      <selectedIndex>-1</selectedIndex>
    </control>
    <control controlID="DDE59681-D579-4B83-A85E-1EDDBDE9559C" controlTypeID="Label" x="10" y="63" w="109" h="32" zOrder="1">
      <font family="Segoe+UI" displayName="Segoe+UI" postScript="" weightStyle="Regular" weight="400" isBold="False" isItalic="False"/>
      <text>Question1</text>
      <textSize>24</textSize>
      <lineSpacing>0</lineSpacing>
      <useDefaultTextSize>False</useDefaultTextSize>
      <selectedIndex>-1</selectedIndex>
    </control>
    <control controlID="D78E1F6B-01E5-43B1-B039-056B831E693A" controlTypeID="Label" x="10" y="98" w="46" h="19" zOrder="2">
      <font family="Segoe+UI" displayName="Segoe+UI" postScript="" weightStyle="Regular" weight="400" isBold="False" isItalic="False"/>
      <text>context</text>
      <lineSpacing>0</lineSpacing>
      <selectedIndex>-1</selectedIndex>
    </control>
    <control controlID="C17E4217-483F-42A6-B803-445F3C699DC6" controlTypeID="RadioButtonGroup" x="18" y="127" w="123" h="128" zOrder="3">
      <font family="%E5%BE%AE%E8%BD%AF%E9%9B%85%E9%BB%91" displayName="%E5%BE%AE%E8%BD%AF%E9%9B%85%E9%BB%91" postScript="" weightStyle="Regular" weight="400" isBold="False" isItalic="False" useDefaultFontFamily="False"/>
      <text>%E5%8D%95%E9%80%89%E6%8C%89%E9%92%AE%E4%B8%80%0D%0A%E5%8D%95%E9%80%89%E6%8C%89%E9%92%AE%E4%BA%8C%0D%0A%E5%8D%95%E9%80%89%E6%8C%89%E9%92%AE%E4%B8%89</text>
      <lineSpacing>0</lineSpacing>
      <useDefaultTextSize>False</useDefaultTextSize>
      <textDirection>tdLeft</textDirection>
      <size>15</size>
      <itemHeight>36</itemHeight>
      <itemRect>[{"left":0,"top":0,"right":123,"bottom":36},{"left":0,"top":46,"right":123,"bottom":82},{"left":0,"top":92,"right":123,"bottom":128}]</itemRect>
    </control>
    <control controlID="95923A6C-8620-4118-8DFE-E8643C430BFA" controlTypeID="Label" x="10" y="263" w="109" h="32" zOrder="4">
      <font family="Segoe+UI" displayName="Segoe+UI" postScript="" weightStyle="Regular" weight="400" isBold="False" isItalic="False"/>
      <text>Question2</text>
      <textSize>24</textSize>
      <lineSpacing>0</lineSpacing>
      <useDefaultTextSize>False</useDefaultTextSize>
      <selectedIndex>-1</selectedIndex>
    </control>
    <control controlID="CF67844D-C35E-4DBC-9C7A-4D8DE5D3EC40" controlTypeID="Label" x="10" y="302" w="46" h="19" zOrder="5">
      <font family="Segoe+UI" displayName="Segoe+UI" postScript="" weightStyle="Regular" weight="400" isBold="False" isItalic="False"/>
      <text>context</text>
      <lineSpacing>0</lineSpacing>
      <selectedIndex>-1</selectedIndex>
    </control>
    <control controlID="E4CAC5FE-E72E-4E92-9BCA-B3D44ECC539F" controlTypeID="CheckBoxGroup" x="10" y="331" w="150" h="128" zOrder="6">
      <font family="Segoe+UI" displayName="Segoe+UI" postScript="" weightStyle="Regular" weight="400" isBold="False" isItalic="False"/>
      <text>%5B%5D%E5%A4%8D%E9%80%89%E6%A1%86%E4%B8%80%0D%0A%5Bx%5D%E5%A4%8D%E9%80%89%E6%A1%86%E4%BA%8C%0D%0A-%5B%5D%E5%A4%8D%E9%80%89%E6%A1%86%E4%B8%89-</text>
      <textSize>12</textSize>
      <lineSpacing>0</lineSpacing>
      <useDefaultTextSize>False</useDefaultTextSize>
      <size>15</size>
      <itemHeight>36</itemHeight>
      <itemRect>[{"left":0,"top":0,"right":150,"bottom":36},{"left":0,"top":46,"right":150,"bottom":82},{"left":0,"top":92,"right":150,"bottom":128}]</itemRect>
    </control>
    <control controlID="7F522071-5B4B-4560-95B0-7466BCE3AF07" controlTypeID="Label" x="10" y="467" w="109" h="32" zOrder="7">
      <font family="Segoe+UI" displayName="Segoe+UI" postScript="" weightStyle="Regular" weight="400" isBold="False" isItalic="False"/>
      <text>Question3</text>
      <textSize>24</textSize>
      <lineSpacing>0</lineSpacing>
      <useDefaultTextSize>False</useDefaultTextSize>
      <selectedIndex>-1</selectedIndex>
    </control>
    <control controlID="44AD21CE-B2FD-4A66-BA84-E2CD21937915" controlTypeID="Label" x="10" y="506" w="46" h="19" zOrder="8">
      <font family="Segoe+UI" displayName="Segoe+UI" postScript="" weightStyle="Regular" weight="400" isBold="False" isItalic="False"/>
      <text>context</text>
      <lineSpacing>0</lineSpacing>
      <selectedIndex>-1</selectedIndex>
    </control>
    <control controlID="5EB44796-E16B-4C80-A301-88C939A851CE" controlTypeID="Line" x="14" y="259" w="321" h="1" zOrder="9">
      <font family="Segoe+UI" displayName="Segoe+UI" postScript="" weightStyle="Regular" weight="400" isBold="False" isItalic="False"/>
      <textSize>14</textSize>
      <lineSpacing>0</lineSpacing>
      <selectedIndex>-1</selectedIndex>
      <controlPoint>(161,0)</controlPoint>
      <startPoint>(1,0)</startPoint>
      <endPoint>(321,0)</endPoint>
    </control>
    <control controlID="F342B13B-F51B-4F59-AD66-FC4CB5E2304E" controlTypeID="Line" x="14" y="466" w="321" h="1" zOrder="10">
      <font family="Segoe+UI" displayName="Segoe+UI" postScript="" weightStyle="Regular" weight="400" isBold="False" isItalic="False"/>
      <textSize>14</textSize>
      <lineSpacing>0</lineSpacing>
      <selectedIndex>-1</selectedIndex>
      <controlPoint>(161,0)</controlPoint>
      <startPoint>(1,0)</startPoint>
      <endPoint>(321,0)</endPoint>
    </control>
    <control controlID="7E32532A-94FC-41C1-9F34-2EB26C1B76BA" controlTypeID="VerticalScrollbar" x="340" y="63" w="14" h="446" zOrder="11"/>
    <control controlID="AB2037A7-E049-432B-8FE2-3C091B3C9A80" controlTypeID="Button" x="31" y="551" w="300" h="48" zOrder="12">
      <color>4278229248</color>
      <borderVisible>False</borderVisible>
      <interactiveData>
        <entry title="">
          <area shape="0" alt="" ID="{77B482F5-AE16-4488-B050-F2311D5C36C9}" coords="(0,0,300,48)"/>
          <events title="">
            <event eventType="atClick" isChecked="True">
              <behaviour title="" isChecked="True" isWait="False" isLoop="False" execMode="emParallel">
                <target targetID="55E87379-8035-4D4C-A81D-8A86D7B7B5B4" isChecked="True" isAutoRecovery="False" isLoop="False" execMode="emSequence">
                  <command name="Change Visibility" isChecked="True" descrition="">
                    <param name="AniInterpolation" value="1" varType="3" description=""/>
                    <param name="AniDuration" value="200" varType="3" description=""/>
                    <param name="AniAutoReverse" value="False" varType="11" description=""/>
                    <param name="AniLoop" value="False" varType="11" description=""/>
                    <param name="AniInterpolationTypeOut" value="False" varType="11" description=""/>
                    <param name="Delay" value="0" varType="3" description=""/>
                    <param name="ValueFromCurrent" value="True" varType="11" description=""/>
                    <param name="ForceFromInitValue" value="False" varType="11" description=""/>
                    <param name="ForceSetVisible" value="False" varType="11" description=""/>
                    <param name="Value" value="0" varType="3" description=""/>
                    <param name="TerminateLoopByClick" value="True" varType="11" description=""/>
                  </command>
                </target>
              </behaviour>
            </event>
          </events>
        </entry>
      </interactiveData>
      <font family="%E5%BE%AE%E8%BD%AF%E9%9B%85%E9%BB%91" displayName="%E5%BE%AE%E8%BD%AF%E9%9B%85%E9%BB%91" postScript="" weightStyle="Regular" weight="400" isBold="False" isItalic="False" useDefaultFontFamily="False"/>
      <text>FINISH</text>
      <textColor>4294967295</textColor>
      <textSize>12</textSize>
      <lineSpacing>0</lineSpacing>
      <selectedIndex>-1</selectedIndex>
    </control>
    <control controlID="55E87379-8035-4D4C-A81D-8A86D7B7B5B4" controlTypeID="Alert" x="74" y="247" w="200" h="130" zOrder="13">
      <isShow>False</isShow>
      <links eventType="AtClick" animate="AmNone" animateAutoDelay="0" animateDuration="500">
        <link targetPageID="5FE4F58F-D4EF-4639-BD87-5E46769B4394" linkType="ltPageLink" isApplyIncludePage="False" title="Yes">
          <area shape="0" alt="" ID="{73D5EADF-9DE2-4A8D-9A33-DC3A5DE9A8A9}" coords="(4.5,94.5,95.5,125.5)"/>
        </link>
        <link targetPageID="" linkType="ltPageLink" isApplyIncludePage="False" title="No">
          <area shape="0" alt="" ID="{E9E96FAD-7C70-4E67-A5E6-34939EF5A97E}" coords="(104.5,94.5,195.5,125.5)"/>
        </link>
      </links>
      <interactiveData>
        <entry title="Yes">
          <area shape="0" alt="" ID="{0DB86C89-EE61-434B-BA85-822ECE7B1E4B}" coords="(4.5,94.5,95.5,125.5)"/>
          <events title=""/>
        </entry>
        <entry title="No">
          <area shape="0" alt="" ID="{64896E3C-CFA1-419C-B3BD-D40522D40309}" coords="(104.5,94.5,195.5,125.5)"/>
          <events title="">
            <event eventType="atClick" isChecked="True">
              <behaviour title="" isChecked="True" isWait="False" isLoop="False" execMode="emParallel">
                <target targetID="55E87379-8035-4D4C-A81D-8A86D7B7B5B4" IsNeedReplaceAsSelfID="True" isChecked="True" isAutoRecovery="False" isLoop="False" execMode="emSequence">
                  <command name="Change Visibility" isChecked="True" descrition="">
                    <param name="AniInterpolation" value="1" varType="3" description=""/>
                    <param name="AniDuration" value="200" varType="3" description=""/>
                    <param name="AniAutoReverse" value="False" varType="11" description=""/>
                    <param name="AniLoop" value="False" varType="11" description=""/>
                    <param name="AniInterpolationTypeOut" value="False" varType="11" description=""/>
                    <param name="Delay" value="0" varType="3" description=""/>
                    <param name="ValueFromCurrent" value="True" varType="11" description=""/>
                    <param name="ForceFromInitValue" value="False" varType="11" description=""/>
                    <param name="ForceSetVisible" value="False" varType="11" description=""/>
                    <param name="Value" value="1" varType="3" description=""/>
                    <param name="TerminateLoopByClick" value="True" varType="11" description=""/>
                  </command>
                </target>
              </behaviour>
            </event>
          </events>
        </entry>
      </interactiveData>
      <font family="Segoe+UI" displayName="Segoe+UI" postScript="" weightStyle="Regular" weight="400" isBold="False" isItalic="False"/>
      <text>Finish%0D%0ADo+you+want+to+upload+now%3F%0D%0AYes%2CNo</text>
      <textSize>14</textSize>
      <lineSpacing>0</lineSpacing>
    </control>
  </controls>
  <param>
    <backgroundColor>4294967295</backgroundColor>
    <fontSize>0</fontSize>
    <fontFamily/>
    <guideLines/>
  </param>
</mockup>