﻿<mockup version="5.3" minAllowVersion="5.3" ID="D3BCCAC9-02FE-4EEA-B0C4-879A74BD0D86" platform="MtMobile" defaultW="360" defaultH="640" measureW="360" measureH="640" screenOrientation="MoPortrait" mobileScreenScale="1.77777779102325" clipArea="(0,0,0,0)">
  <controls controlCount="18">
    <control controlID="93A142D7-B434-41AA-A6A0-F428FC12DA27" controlTypeID="Line" x="253" y="196" w="3" h="42" zOrder="0">
      <font family="Segoe+UI" displayName="Segoe+UI" postScript="" weightStyle="Regular" weight="400" isBold="False" isItalic="False"/>
      <textSize>14</textSize>
      <lineSpacing>0</lineSpacing>
      <selectedIndex>-1</selectedIndex>
      <controlPoint>(1,20)</controlPoint>
      <startPoint>(1,40)</startPoint>
      <endPoint>(1,1)</endPoint>
      <thickness>3</thickness>
    </control>
    <control controlID="18440B82-4306-4FD7-AE51-CDEB2ACA1B94" controlTypeID="Line" x="104" y="194" w="3" h="42" zOrder="1">
      <font family="Segoe+UI" displayName="Segoe+UI" postScript="" weightStyle="Regular" weight="400" isBold="False" isItalic="False"/>
      <textSize>14</textSize>
      <lineSpacing>0</lineSpacing>
      <selectedIndex>-1</selectedIndex>
      <controlPoint>(1,20)</controlPoint>
      <startPoint>(1,40)</startPoint>
      <endPoint>(1,1)</endPoint>
      <thickness>3</thickness>
    </control>
    <control controlID="CC2678FB-FF75-467F-B5F8-17B8556F099A" controlTypeID="Line" x="103" y="303" w="3" h="42" zOrder="2">
      <font family="Segoe+UI" displayName="Segoe+UI" postScript="" weightStyle="Regular" weight="400" isBold="False" isItalic="False"/>
      <textSize>14</textSize>
      <lineSpacing>0</lineSpacing>
      <selectedIndex>-1</selectedIndex>
      <controlPoint>(1,20)</controlPoint>
      <startPoint>(1,40)</startPoint>
      <endPoint>(1,1)</endPoint>
      <thickness>3</thickness>
    </control>
    <control controlID="E8BC249C-9402-45A1-B066-BD531624F089" controlTypeID="Line" x="252" y="303" w="3" h="42" zOrder="3">
      <font family="Segoe+UI" displayName="Segoe+UI" postScript="" weightStyle="Regular" weight="400" isBold="False" isItalic="False"/>
      <textSize>14</textSize>
      <lineSpacing>0</lineSpacing>
      <selectedIndex>-1</selectedIndex>
      <controlPoint>(1,20)</controlPoint>
      <startPoint>(1,40)</startPoint>
      <endPoint>(1,1)</endPoint>
      <thickness>3</thickness>
    </control>
    <control controlID="88C1C0B1-5682-418D-92F3-807021EF3385" controlTypeID="Line" x="211" y="195" w="44" h="3" zOrder="4">
      <font family="Segoe+UI" displayName="Segoe+UI" postScript="" weightStyle="Regular" weight="400" isBold="False" isItalic="False"/>
      <textSize>14</textSize>
      <lineSpacing>0</lineSpacing>
      <selectedIndex>-1</selectedIndex>
      <controlPoint>(22,1)</controlPoint>
      <startPoint>(1,1)</startPoint>
      <endPoint>(43,1)</endPoint>
      <thickness>3</thickness>
    </control>
    <control controlID="24296CE1-F451-4694-8A3C-6872A2C023BC" controlTypeID="Line" x="104" y="193" w="44" h="3" zOrder="5">
      <font family="Segoe+UI" displayName="Segoe+UI" postScript="" weightStyle="Regular" weight="400" isBold="False" isItalic="False"/>
      <textSize>14</textSize>
      <lineSpacing>0</lineSpacing>
      <selectedIndex>-1</selectedIndex>
      <controlPoint>(22,1)</controlPoint>
      <startPoint>(1,1)</startPoint>
      <endPoint>(43,1)</endPoint>
      <thickness>3</thickness>
    </control>
    <control controlID="75ACCCE6-9F59-4293-A9BF-52A155E10BA4" controlTypeID="Line" x="104" y="342" w="44" h="3" zOrder="6">
      <font family="Segoe+UI" displayName="Segoe+UI" postScript="" weightStyle="Regular" weight="400" isBold="False" isItalic="False"/>
      <textSize>14</textSize>
      <lineSpacing>0</lineSpacing>
      <selectedIndex>-1</selectedIndex>
      <controlPoint>(22,1)</controlPoint>
      <startPoint>(1,1)</startPoint>
      <endPoint>(43,1)</endPoint>
      <thickness>3</thickness>
    </control>
    <control controlID="DF483B1F-4801-4637-B085-6B445FBACED4" controlTypeID="Line" x="211" y="342" w="43" h="3" zOrder="7">
      <font family="Segoe+UI" displayName="Segoe+UI" postScript="" weightStyle="Regular" weight="400" isBold="False" isItalic="False"/>
      <textSize>14</textSize>
      <lineSpacing>0</lineSpacing>
      <selectedIndex>-1</selectedIndex>
      <controlPoint>(22,1)</controlPoint>
      <startPoint>(1,1)</startPoint>
      <endPoint>(42,1)</endPoint>
      <thickness>3</thickness>
    </control>
    <control controlID="86B6834C-18BD-4835-AA02-507292977AB4" controlTypeID="Label" x="29" y="47" w="74" h="19" zOrder="8">
      <font family="Segoe+UI" displayName="Segoe+UI" postScript="" weightStyle="Regular" weight="400" isBold="False" isItalic="False"/>
      <text>Background</text>
      <lineSpacing>0</lineSpacing>
      <selectedIndex>-1</selectedIndex>
    </control>
    <control controlID="A351217C-190E-486C-9679-247BB1A26219" controlTypeID="Label" x="29" y="266" w="74" h="19" zOrder="9">
      <font family="Segoe+UI" displayName="Segoe+UI" postScript="" weightStyle="Regular" weight="400" isBold="False" isItalic="False"/>
      <text>Background</text>
      <lineSpacing>0</lineSpacing>
      <selectedIndex>-1</selectedIndex>
    </control>
    <control controlID="49ECA5E5-210B-4357-8574-B0B541118AA8" controlTypeID="Label" x="29" y="506" w="74" h="19" zOrder="10">
      <font family="Segoe+UI" displayName="Segoe+UI" postScript="" weightStyle="Regular" weight="400" isBold="False" isItalic="False"/>
      <text>Background</text>
      <lineSpacing>0</lineSpacing>
      <selectedIndex>-1</selectedIndex>
    </control>
    <control controlID="63F9AC93-0CF9-4F3B-A386-FA928B09D8BF" controlTypeID="Label" x="143" y="46" w="74" h="19" zOrder="11">
      <font family="Segoe+UI" displayName="Segoe+UI" postScript="" weightStyle="Regular" weight="400" isBold="False" isItalic="False"/>
      <text>Background</text>
      <lineSpacing>0</lineSpacing>
      <selectedIndex>-1</selectedIndex>
    </control>
    <control controlID="7FC2F103-66DD-4806-82CA-5FCC3BC882D1" controlTypeID="Label" x="143" y="265" w="74" h="19" zOrder="12">
      <font family="Segoe+UI" displayName="Segoe+UI" postScript="" weightStyle="Regular" weight="400" isBold="False" isItalic="False"/>
      <text>Background</text>
      <lineSpacing>0</lineSpacing>
      <selectedIndex>-1</selectedIndex>
    </control>
    <control controlID="81AFC26E-72D3-4029-B263-3EE7037C6E10" controlTypeID="Label" x="143" y="505" w="74" h="19" zOrder="13">
      <font family="Segoe+UI" displayName="Segoe+UI" postScript="" weightStyle="Regular" weight="400" isBold="False" isItalic="False"/>
      <text>Background</text>
      <lineSpacing>0</lineSpacing>
      <selectedIndex>-1</selectedIndex>
    </control>
    <control controlID="A9A81A7C-6D71-477B-9386-33771161F49B" controlTypeID="Label" x="266" y="47" w="74" h="19" zOrder="14">
      <font family="Segoe+UI" displayName="Segoe+UI" postScript="" weightStyle="Regular" weight="400" isBold="False" isItalic="False"/>
      <text>Background</text>
      <lineSpacing>0</lineSpacing>
      <selectedIndex>-1</selectedIndex>
    </control>
    <control controlID="E8308F6F-DF4A-4AC1-BBEE-B2C9E8DC53E6" controlTypeID="Label" x="266" y="266" w="74" h="19" zOrder="15">
      <font family="Segoe+UI" displayName="Segoe+UI" postScript="" weightStyle="Regular" weight="400" isBold="False" isItalic="False"/>
      <text>Background</text>
      <lineSpacing>0</lineSpacing>
      <selectedIndex>-1</selectedIndex>
    </control>
    <control controlID="6C660BB3-D16F-40ED-AEE6-58FD18887E90" controlTypeID="Label" x="266" y="506" w="74" h="19" zOrder="16">
      <font family="Segoe+UI" displayName="Segoe+UI" postScript="" weightStyle="Regular" weight="400" isBold="False" isItalic="False"/>
      <text>Background</text>
      <lineSpacing>0</lineSpacing>
      <selectedIndex>-1</selectedIndex>
    </control>
    <control controlID="143EA231-33C5-4A78-82D7-CE72CDB834E3" controlTypeID="Button" x="31" y="551" w="300" h="48" zOrder="17">
      <color>4278229248</color>
      <borderVisible>False</borderVisible>
      <links eventType="AtClick" animate="AmNone" animateAutoDelay="0" animateDuration="500">
        <link targetPageID="9D625D8A-DCFC-48BA-BF26-EDB0FB3F6865" linkType="ltPageLink" isApplyIncludePage="False" title="Index">
          <area shape="0" alt="" ID="{55197376-B9BA-4A42-89D5-4F44525CC566}" coords="(0,0,300,48)"/>
        </link>
      </links>
      <font family="%E5%BE%AE%E8%BD%AF%E9%9B%85%E9%BB%91" displayName="%E5%BE%AE%E8%BD%AF%E9%9B%85%E9%BB%91" postScript="" weightStyle="Regular" weight="400" isBold="False" isItalic="False" useDefaultFontFamily="False"/>
      <text>BACK</text>
      <textColor>4294967295</textColor>
      <textSize>12</textSize>
      <lineSpacing>0</lineSpacing>
      <selectedIndex>-1</selectedIndex>
    </control>
  </controls>
  <param>
    <backgroundColor>4294967295</backgroundColor>
    <fontSize>0</fontSize>
    <fontFamily/>
    <guideLines/>
  </param>
</mockup>