﻿<mockup version="5.3" minAllowVersion="5.3" ID="9D625D8A-DCFC-48BA-BF26-EDB0FB3F6865" platform="MtMobile" defaultW="360" defaultH="640" measureW="360" measureH="640" screenOrientation="MoPortrait" mobileScreenScale="1.77777779102325" clipArea="(0,0,0,0)">
  <controls controlCount="6">
    <control controlID="D219CA8B-F20D-46A9-A35A-35732B51B969" controlTypeID="LabelTextInput" x="35" y="403" w="240" h="25" zOrder="0">
      <interactiveData>
        <entry title="">
          <area shape="0" alt="" ID="{78811C02-A506-4D2B-9431-8A794E26D11A}" coords="(0,0,240,25)"/>
          <events title="">
            <event eventType="atClick" isChecked="True">
              <behaviour title="" isChecked="True" isWait="False" isLoop="False" execMode="emParallel">
                <target targetID="AFBD0C34-A27E-4463-8B73-B818D31CFFC6" isChecked="True" isAutoRecovery="False" isLoop="False" execMode="emSequence">
                  <command name="Change Visibility" isChecked="True" descrition="">
                    <param name="AniInterpolation" value="1" varType="3" description=""/>
                    <param name="AniDuration" value="200" varType="3" description=""/>
                    <param name="AniAutoReverse" value="False" varType="11" description=""/>
                    <param name="AniLoop" value="False" varType="11" description=""/>
                    <param name="AniInterpolationTypeOut" value="False" varType="11" description=""/>
                    <param name="Delay" value="0" varType="3" description=""/>
                    <param name="ValueFromCurrent" value="True" varType="11" description=""/>
                    <param name="ForceFromInitValue" value="False" varType="11" description=""/>
                    <param name="ForceSetVisible" value="False" varType="11" description=""/>
                    <param name="Value" value="0" varType="3" description=""/>
                    <param name="TerminateLoopByClick" value="True" varType="11" description=""/>
                  </command>
                </target>
              </behaviour>
            </event>
          </events>
        </entry>
      </interactiveData>
      <font family="Segoe+UI" displayName="Segoe+UI" postScript="" weightStyle="Regular" weight="400" isBold="False" isItalic="False"/>
      <text>survey+link%3A%2Chttp%3A%2F%2Fxiaofy.icu%2Fxdas13%0D%0A%0D%0A</text>
      <textSize>14</textSize>
      <lineSpacing>0</lineSpacing>
      <selectedIndex>-1</selectedIndex>
    </control>
    <control controlID="D6159EB5-BDFB-4517-BD15-551A0F0E4082" controlTypeID="Label" x="133" y="317" w="94" h="43" zOrder="1">
      <font family="Segoe+UI" displayName="Segoe+UI" postScript="" weightStyle="Regular" weight="400" isBold="False" isItalic="False"/>
      <text>Survey</text>
      <textColor>4278229248</textColor>
      <textSize>32</textSize>
      <lineSpacing>0</lineSpacing>
      <useDefaultTextSize>False</useDefaultTextSize>
      <selectedIndex>-1</selectedIndex>
    </control>
    <control controlID="0D80BE6C-A2C7-4BCE-9805-CCEBBB673126" controlTypeID="Image" x="293" y="399" w="32" h="32" zOrder="2">
      <interactiveData>
        <entry title="">
          <area shape="0" alt="" ID="{3BE78C12-84C8-43E1-95DF-4130261EE239}" coords="(0,0,32,32)"/>
          <events title="">
            <event eventType="atClick" isChecked="True">
              <behaviour title="" isChecked="True" isWait="False" isLoop="False" execMode="emParallel">
                <target targetID="629C00D1-9CCB-4E4E-86B8-10FE63DDC9BA" isChecked="True" isAutoRecovery="False" isLoop="False" execMode="emSequence">
                  <command name="Change Visibility" isChecked="True" descrition="">
                    <param name="AniInterpolation" value="1" varType="3" description=""/>
                    <param name="AniDuration" value="200" varType="3" description=""/>
                    <param name="AniAutoReverse" value="False" varType="11" description=""/>
                    <param name="AniLoop" value="False" varType="11" description=""/>
                    <param name="AniInterpolationTypeOut" value="False" varType="11" description=""/>
                    <param name="Delay" value="0" varType="3" description=""/>
                    <param name="ValueFromCurrent" value="True" varType="11" description=""/>
                    <param name="ForceFromInitValue" value="False" varType="11" description=""/>
                    <param name="ForceSetVisible" value="False" varType="11" description=""/>
                    <param name="Value" value="2" varType="3" description=""/>
                    <param name="TerminateLoopByClick" value="True" varType="11" description=""/>
                  </command>
                </target>
                <target targetID="AFBD0C34-A27E-4463-8B73-B818D31CFFC6" isChecked="True" isAutoRecovery="False" isLoop="False" execMode="emSequence">
                  <command name="Change Visibility" isChecked="True" descrition="">
                    <param name="AniInterpolation" value="1" varType="3" description=""/>
                    <param name="AniDuration" value="200" varType="3" description=""/>
                    <param name="AniAutoReverse" value="False" varType="11" description=""/>
                    <param name="AniLoop" value="False" varType="11" description=""/>
                    <param name="AniInterpolationTypeOut" value="False" varType="11" description=""/>
                    <param name="Delay" value="0" varType="3" description=""/>
                    <param name="ValueFromCurrent" value="True" varType="11" description=""/>
                    <param name="ForceFromInitValue" value="False" varType="11" description=""/>
                    <param name="ForceSetVisible" value="False" varType="11" description=""/>
                    <param name="Value" value="0" varType="3" description=""/>
                    <param name="TerminateLoopByClick" value="True" varType="11" description=""/>
                  </command>
                </target>
              </behaviour>
            </event>
          </events>
        </entry>
      </interactiveData>
      <URL>90DC6266531E9E64F088C1208E92DD44.png</URL>
    </control>
    <control controlID="AFBD0C34-A27E-4463-8B73-B818D31CFFC6" controlTypeID="Button" x="54" y="517" w="252" h="48" zOrder="3">
      <color>4278229248</color>
      <borderVisible>False</borderVisible>
      <links eventType="AtClick" animate="AmNone" animateAutoDelay="0" animateDuration="500">
        <link targetPageID="706290A7-58C1-497D-86CC-32D98525B8C5" linkType="ltPageLink" isApplyIncludePage="False" title="Intro">
          <area shape="0" alt="" ID="{93C943B5-66AA-4C18-B10A-CFD775ED0A09}" coords="(0,0,252,48)"/>
        </link>
      </links>
      <font family="%E5%BE%AE%E8%BD%AF%E9%9B%85%E9%BB%91" displayName="%E5%BE%AE%E8%BD%AF%E9%9B%85%E9%BB%91" postScript="" weightStyle="Regular" weight="400" isBold="False" isItalic="False" useDefaultFontFamily="False"/>
      <text>NEXT</text>
      <textColor>4294967295</textColor>
      <textSize>12</textSize>
      <lineSpacing>0</lineSpacing>
      <selectedIndex>-1</selectedIndex>
    </control>
    <control controlID="A2E31397-E697-4DFC-95A1-25AE3E6EA9E2" controlTypeID="Image" x="84" y="79" w="192" h="217" zOrder="4">
      <URL>7DF12D1E6DBF5E0E18DD3285657D8075.png</URL>
    </control>
    <control controlID="629C00D1-9CCB-4E4E-86B8-10FE63DDC9BA" controlTypeID="Alert" x="80" y="255" w="200" h="130" zOrder="5">
      <isShow>False</isShow>
      <links eventType="AtClick" animate="AmNone" animateAutoDelay="0" animateDuration="500">
        <link targetPageID="7D4F1AB1-CAAF-4A73-AFB7-D02980597F47" linkType="ltPageLink" isApplyIncludePage="False" title="Camera">
          <area shape="0" alt="" ID="{82DB77BF-F4C4-49DD-8367-22267DD2C92D}" coords="(4.5,94.5,95.5,125.5)"/>
        </link>
        <link targetPageID="7121E8DC-0699-4EC6-BF18-9AD6E593AB01" linkType="ltPageLink" isApplyIncludePage="False" title="Open+File">
          <area shape="0" alt="" ID="{FBD34405-0C94-432E-8E6E-325E184ECEF8}" coords="(104.5,94.5,195.5,125.5)"/>
        </link>
      </links>
      <font family="Segoe+UI" displayName="Segoe+UI" postScript="" weightStyle="Regular" weight="400" isBold="False" isItalic="False"/>
      <text>QR+Code%0D%0AScan+the+Survey+QR+Code%0D%0ACamera%2COpen+File</text>
      <textSize>14</textSize>
      <lineSpacing>0</lineSpacing>
    </control>
  </controls>
  <param>
    <backgroundColor>4294967295</backgroundColor>
    <fontSize>0</fontSize>
    <fontFamily/>
    <guideLines/>
  </param>
</mockup>