﻿<mockup version="5.3" minAllowVersion="5.3" ID="E045EAFD-8A0E-46C4-B579-DF3081B19E9A" platform="MtMobile" defaultW="360" defaultH="640" measureW="360" measureH="640" screenOrientation="MoPortrait" mobileScreenScale="1.77777779102325">
  <controls controlCount="5">
    <control controlID="F062BF01-34AA-4320-88B1-B90AF3738E83" controlTypeID="VerticalScrollbar" x="346" y="70" w="14" h="469" zOrder="0"/>
    <control controlID="898E8991-12DD-4FA2-A6D7-2419B652F2E9" controlTypeID="Label" x="31" y="20" w="260" h="43" zOrder="1">
      <font family="Segoe+UI" displayName="Segoe+UI" postScript="" weightStyle="Regular" weight="400" isBold="False" isItalic="False"/>
      <text>Question+1(Single)</text>
      <textSize>32</textSize>
      <lineSpacing>0</lineSpacing>
      <useDefaultTextSize>False</useDefaultTextSize>
      <selectedIndex>-1</selectedIndex>
    </control>
    <control controlID="C632E317-1088-4070-8AE3-AE6180F64E87" controlTypeID="Button" x="31" y="551" w="300" h="48" zOrder="2">
      <color>4278229248</color>
      <borderVisible>False</borderVisible>
      <links eventType="AtClick" animate="AmNone" animateAutoDelay="0" animateDuration="500">
        <link targetPageID="56BBB321-B89F-4FD0-B6A4-B9138F1A484D" linkType="ltPageLink" isApplyIncludePage="False" title="QuestionInput">
          <area shape="0" alt="" ID="{487AAD1C-F99E-4A02-A59C-F25B40456780}" coords="(0,0,300,48)"/>
        </link>
      </links>
      <font family="%E5%BE%AE%E8%BD%AF%E9%9B%85%E9%BB%91" displayName="%E5%BE%AE%E8%BD%AF%E9%9B%85%E9%BB%91" postScript="" weightStyle="Regular" weight="400" isBold="False" isItalic="False" useDefaultFontFamily="False"/>
      <text>NEXT</text>
      <textColor>4294967295</textColor>
      <textSize>12</textSize>
      <lineSpacing>0</lineSpacing>
      <selectedIndex>-1</selectedIndex>
    </control>
    <control controlID="9C4A5722-17CC-4633-9E2F-A9B29834C972" controlTypeID="Label" x="55" y="87" w="252" h="32" zOrder="3">
      <font family="Segoe+UI" displayName="Segoe+UI" postScript="" weightStyle="Regular" weight="400" isBold="False" isItalic="False"/>
      <text>dwqodwcnqodxwjopq+%3F</text>
      <textSize>24</textSize>
      <lineSpacing>0</lineSpacing>
      <useDefaultTextSize>False</useDefaultTextSize>
      <selectedIndex>-1</selectedIndex>
    </control>
    <control controlID="5547EEC1-7839-4215-B6A8-609ABCE5F5D4" controlTypeID="RadioButtonGroup" x="55" y="148" w="120" h="128" zOrder="4">
      <font family="Segoe+UI" displayName="Segoe+UI" postScript="" weightStyle="Regular" weight="400" isBold="False" isItalic="False"/>
      <text>%E5%8D%95%E9%80%89%E6%8C%89%E9%92%AE%E4%B8%80%0D%0A%E5%8D%95%E9%80%89%E6%8C%89%E9%92%AE%E4%BA%8C%0D%0A%E5%8D%95%E9%80%89%E6%8C%89%E9%92%AE%E4%B8%89</text>
      <textSize>14</textSize>
      <lineSpacing>0</lineSpacing>
      <size>15</size>
      <itemHeight>36</itemHeight>
      <itemRect>[{"left":0,"top":0,"right":120,"bottom":36},{"left":0,"top":46,"right":120,"bottom":82},{"left":0,"top":92,"right":120,"bottom":128}]</itemRect>
    </control>
  </controls>
  <param>
    <backgroundColor>4294967295</backgroundColor>
    <fontSize>0</fontSize>
    <fontFamily/>
    <guideLines/>
  </param>
</mockup>