﻿<project version="2.9" name="Android" ID="0AE36D2C-C2A2-4645-8E84-7D52D4A576B3">
  <params>
    <pageParam version="5.3" minAllowVersion="5.3"/>
    <projectParam version="2.9" minAllowVersion="2.9" platform="MtMobile" orientation="MoPortrait" mobileScreenScale="1.77777779102325" mobileType="mmtAndroid" pageSize="(360,640)" backgroundColor="4294967295" fontSize="0" fontFamily="" projectType="ptPersonalProject" isShowTitleIndex="False"/>
    <previewParam version="1.0"/>
    <colorParam version="1.0"/>
  </params>
  <pages>
    <page name="Index" ID="9D625D8A-DCFC-48BA-BF26-EDB0FB3F6865" expanded="True" code="mourxDe6IH" thumbCode="mourxDe6IH" isLastOpen="True" status="psWhite" isfolder="False" isshownode="True">
      <images>
        <image key="90DC6266531E9E64F088C1208E92DD44.png"/>
        <image key="7DF12D1E6DBF5E0E18DD3285657D8075.png"/>
      </images>
    </page>
    <page name="Camera" ID="7D4F1AB1-CAAF-4A73-AFB7-D02980597F47" expanded="False" code="lndUe7feJO" thumbCode="lndUe7feJO" status="psWhite" isfolder="False" isshownode="True"/>
    <page name="Upload" ID="7121E8DC-0699-4EC6-BF18-9AD6E593AB01" expanded="False" code="IesaFzlhaB" thumbCode="IesaFzlhaB" status="psWhite" isfolder="False" isshownode="True"/>
    <page name="Intro" ID="706290A7-58C1-497D-86CC-32D98525B8C5" expanded="False" code="ThqWoEa8ph" thumbCode="ThqWoEa8ph" status="psWhite" isfolder="False" isshownode="True"/>
    <page name="QuestionSingle" ID="E045EAFD-8A0E-46C4-B579-DF3081B19E9A" expanded="True" code="nWGEDkf4BG" thumbCode="ZhYJXcmItW" status="psWhite" isfolder="False" isshownode="True"/>
    <page name="QuestionInput" ID="56BBB321-B89F-4FD0-B6A4-B9138F1A484D" expanded="False" code="AAF6wfHJwk" thumbCode="AAF6wfHJwk" status="psWhite" isfolder="False" isshownode="True"/>
    <page name="QuestionMult" ID="5D64CE27-4131-4544-9ABB-AEFE95206ED1" expanded="True" code="qHoALFNmpU" thumbCode="qHoALFNmpU" status="psWhite" isfolder="False" isshownode="True"/>
    <page name="QuestionReview" ID="75E70D54-4A82-4A69-AB7B-6FD73ED0E94D" expanded="False" code="emX2VmNmjp" thumbCode="emX2VmNmjp" status="psWhite" isfolder="False" isshownode="True"/>
    <page name="Finish" ID="5FE4F58F-D4EF-4639-BD87-5E46769B4394" expanded="True" code="rqoq6TxfWh" thumbCode="rqoq6TxfWh" status="psWhite" isfolder="False" isshownode="True"/>
  </pages>
  <trash>
    <page name="QRCode" ID="A191D216-006B-45D5-BD37-4FC54F0AFF64" expanded="True" code="xTBZXC75a5" thumbCode="uiodSum94Z" isLastOpen="True" status="psWhite" isfolder="False" isshownode="True"/>
    <page name="Select" ID="7D5A5F64-891C-4D2C-AE09-A0FD9C5246AE" expanded="False" code="GdRR3vs6h8" thumbCode="nCfURAcLKL" isLastOpen="True" status="psWhite" isfolder="False" isshownode="True"/>
    <page name="页面" ID="8A6D6523-C17E-465D-8FE1-D04CBCBBFD61" expanded="False" code="zkpbhUPFPo" thumbCode="YeR1mNBEmG" isLastOpen="True" status="psWhite" isfolder="False" isshownode="True"/>
    <page name="页面" ID="3DD9D6A7-D18B-4497-AD80-CC343FDE7911" expanded="False" code="Ad5ywa6O5P" thumbCode="BHkbzPvjxy" isLastOpen="True" status="psWhite" isfolder="False" isshownode="True"/>
  </trash>
  <deletes/>
  <masters/>
  <images>
    <image key="90DC6266531E9E64F088C1208E92DD44.png"/>
    <image key="7DF12D1E6DBF5E0E18DD3285657D8075.png"/>
  </images>
</project>