﻿<project version="2.9" name="WebSurvey" ID="AA59D3AE-BDEC-49AF-8FF5-7AFC79C6E881">
  <params>
    <pageParam version="5.3" minAllowVersion="5.3"/>
    <projectParam version="2.9" minAllowVersion="2.9" platform="MtWeb" pageSize="(1920,1080)" backgroundColor="4294967295" fontSize="0" fontFamily="" projectType="ptPersonalProject" isShowTitleIndex="False"/>
    <previewParam version="1.0"/>
    <colorParam version="1.0"/>
  </params>
  <pages>
    <page name="Register" ID="E0326A95-1727-43ED-AA6D-0E64157321AA" expanded="True" code="GQ92dhrhyR" thumbCode="GQ92dhrhyR" status="psWhite" isfolder="False" isshownode="True"/>
    <page name="Login" ID="2507EEEB-FD8E-4378-AD31-EE614F758A79" expanded="True" code="JjTDyWRmCg" thumbCode="JjTDyWRmCg" status="psWhite" isfolder="False" isshownode="True"/>
    <page name="Create" ID="AD6D4E06-9BD0-4C12-A5A3-F7DFFF795625" expanded="True" code="LEGNxr4LRM" thumbCode="LEGNxr4LRM" isLastOpen="True" status="psWhite" isfolder="False" isshownode="True"/>
  </pages>
  <trash/>
  <deletes/>
  <masters/>
  <images/>
</project>