﻿<LinkSources version="1.02">
  <page ID="9D625D8A-DCFC-48BA-BF26-EDB0FB3F6865">
    <linkSource sourcePageID="7D4F1AB1-CAAF-4A73-AFB7-D02980597F47" comID="143EA231-33C5-4A78-82D7-CE72CDB834E3" comLinkType="cltPageLink"/>
    <linkSource sourcePageID="7121E8DC-0699-4EC6-BF18-9AD6E593AB01" comID="78834AA0-B6CF-4402-A8D8-D8B4956A1B07" comLinkType="cltPageLink"/>
  </page>
  <page ID="7D4F1AB1-CAAF-4A73-AFB7-D02980597F47">
    <linkSource sourcePageID="9D625D8A-DCFC-48BA-BF26-EDB0FB3F6865" comID="629C00D1-9CCB-4E4E-86B8-10FE63DDC9BA" comLinkType="cltPageLink"/>
  </page>
  <page ID="7121E8DC-0699-4EC6-BF18-9AD6E593AB01">
    <linkSource sourcePageID="9D625D8A-DCFC-48BA-BF26-EDB0FB3F6865" comID="629C00D1-9CCB-4E4E-86B8-10FE63DDC9BA" comLinkType="cltPageLink"/>
  </page>
  <page ID="706290A7-58C1-497D-86CC-32D98525B8C5">
    <linkSource sourcePageID="9D625D8A-DCFC-48BA-BF26-EDB0FB3F6865" comID="AFBD0C34-A27E-4463-8B73-B818D31CFFC6" comLinkType="cltPageLink"/>
  </page>
  <page ID="E045EAFD-8A0E-46C4-B579-DF3081B19E9A">
    <linkSource sourcePageID="9D625D8A-DCFC-48BA-BF26-EDB0FB3F6865" comID="AFBD0C34-A27E-4463-8B73-B818D31CFFC6" comLinkType="cltPageLink"/>
    <linkSource sourcePageID="706290A7-58C1-497D-86CC-32D98525B8C5" comID="C632E317-1088-4070-8AE3-AE6180F64E87" comLinkType="cltPageLink"/>
  </page>
  <page ID="56BBB321-B89F-4FD0-B6A4-B9138F1A484D">
    <linkSource sourcePageID="E045EAFD-8A0E-46C4-B579-DF3081B19E9A" comID="C632E317-1088-4070-8AE3-AE6180F64E87" comLinkType="cltPageLink"/>
  </page>
  <page ID="5D64CE27-4131-4544-9ABB-AEFE95206ED1">
    <linkSource sourcePageID="56BBB321-B89F-4FD0-B6A4-B9138F1A484D" comID="C632E317-1088-4070-8AE3-AE6180F64E87" comLinkType="cltPageLink"/>
  </page>
  <page ID="75E70D54-4A82-4A69-AB7B-6FD73ED0E94D">
    <linkSource sourcePageID="5D64CE27-4131-4544-9ABB-AEFE95206ED1" comID="C632E317-1088-4070-8AE3-AE6180F64E87" comLinkType="cltPageLink"/>
  </page>
  <page ID="5FE4F58F-D4EF-4639-BD87-5E46769B4394">
    <linkSource sourcePageID="75E70D54-4A82-4A69-AB7B-6FD73ED0E94D" comID="55E87379-8035-4D4C-A81D-8A86D7B7B5B4" comLinkType="cltPageLink"/>
  </page>
</LinkSources>